id,name,price,description
1,Bread - Pain Au Liat X12,68.35,Praesent lectus.
2,Shiratamako - Rice Flour,87.19,Ut at dolor quis odio consequat varius.
3,Steel Wool S.o.s,19.87,"Fusce congue, diam id ornare imperdiet, sapien urna pretium nisl, ut volutpat sapien arcu sed augue."
4,"Beans - Turtle, Black, Dry",72.59,"Lorem ipsum dolor sit amet, consectetuer adipiscing elit."
5,Filling - Mince Meat,49.32,Nulla ac enim.
6,"Stock - Beef, White",75.68,Curabitur in libero ut massa volutpat convallis.
7,Chocolate - Milk Coating,22.79,In blandit ultrices enim.
13,Kahlua,87.09,Nullam molestie nibh in lectus.
14,"Olives - Green, Pitted",79.39,Nulla justo.
15,Quinoa,31.57,"Morbi sem mauris, laoreet ut, rhoncus aliquet, pulvinar sed, nisl."
16,Water - Spring 1.5lit,47.96,Maecenas ut massa quis augue luctus tincidunt.
17,Wine - Sicilia Igt Nero Avola,9.77,Suspendisse potenti.
18,Kale - Red,13.48,Praesent blandit.
19,The Pop Shoppe - Lime Rickey,13.93,Nullam varius.
20,Fennel - Seeds,40.58,"Vestibulum ante ipsum primis in faucibus orci luctus et ultrices posuere cubilia Curae; Donec pharetra, magna vestibulum aliquet ultrices, erat tortor sollicitudin mi, sit amet lobortis sapien sapien non mi."
21,Snapple - Iced Tea Peach,11.83,Etiam faucibus cursus urna.
22,"Soup - Campbells, Lentil",37.53,Etiam vel augue.
23,Bread Fig And Almond,80.45,Cras non velit nec nisi vulputate nonummy.
24,Wine - Shiraz South Eastern,86.41,Curabitur convallis.
25,Coffee - Almond Amaretto,90.75,"Aliquam augue quam, sollicitudin vitae, consectetuer eget, rutrum at, lorem."
26,Iced Tea Concentrate,33.99,In eleifend quam a odio.
27,Beer - Camerons Cream Ale,37.81,Praesent blandit.
28,Creamers - 10%,47.1,Quisque ut erat.
29,Mushroom - Portebello,98.0,Aliquam erat volutpat.
30,Cafe Royale,35.76,Morbi non quam nec dui luctus rutrum.
31,"Pepper - Black, Crushed",17.91,In congue.
32,Truffle Shells - Semi - Sweet,82.4,Curabitur at ipsum ac tellus semper interdum.
33,Milkettes - 2%,72.75,Vestibulum ante ipsum primis in faucibus orci luctus et ultrices posuere cubilia Curae; Nulla dapibus dolor vel est.
34,Yukon Jack,54.8,Duis bibendum.
35,Vinegar - Raspberry,98.95,Nunc nisl.
36,Jack Daniels,28.05,Donec vitae nisi.
37,Yeast Dry - Fleischman,99.98,Nullam sit amet turpis elementum ligula vehicula consequat.
38,Buffalo - Short Rib Fresh,32.17,In quis justo.
39,Lentils - Green Le Puy,12.69,Sed vel enim sit amet nunc viverra dapibus.
40,Wine - Crozes Hermitage E.,9.66,Vivamus vestibulum sagittis sapien.
41,Scallops 60/80 Iqf,58.73,Pellentesque eget nunc.
42,"Tortillas - Flour, 12",22.55,Sed ante.
43,"Pepper - Paprika, Hungarian",60.54,Morbi ut odio.
44,"Lobster - Baby, Boiled",61.87,"Integer pede justo, lacinia eget, tincidunt eget, tempus vel, pede."
45,Beer - True North Lager,92.49,Morbi non quam nec dui luctus rutrum.
46,Water - Aquafina Vitamin,66.87,Nulla nisl.
47,"Cake Circle, Foil, Scallop",14.68,"Nam ultrices, libero non mattis pulvinar, nulla pede ullamcorper augue, a suscipit nulla elit ac nulla."
48,"Tomatoes - Cherry, Yellow",83.95,Nam tristique tortor eu pede.
49,Pepper - Red Chili,80.52,Proin risus.
50,Mackerel Whole Fresh,31.27,Nam nulla.